Model,MAE,RMSE,R2
ANN,11507.030599932663,18588.74144715678,0.8216894564758568
LSTM,10870.971059785079,23551.164554451287,0.7137373543477217
